CREATE DATABASE  IF NOT EXISTS `blooddonation` /*!40100 DEFAULT CHARACTER SET utf8 */;
USE `blooddonation`;
-- MySQL dump 10.13  Distrib 5.6.17, for Win32 (x86)
--
-- Host: localhost    Database: blooddonation
-- ------------------------------------------------------
-- Server version	5.6.19

/*!40101 SET @OLD_CHARACTER_SET_CLIENT=@@CHARACTER_SET_CLIENT */;
/*!40101 SET @OLD_CHARACTER_SET_RESULTS=@@CHARACTER_SET_RESULTS */;
/*!40101 SET @OLD_COLLATION_CONNECTION=@@COLLATION_CONNECTION */;
/*!40101 SET NAMES utf8 */;
/*!40103 SET @OLD_TIME_ZONE=@@TIME_ZONE */;
/*!40103 SET TIME_ZONE='+00:00' */;
/*!40014 SET @OLD_UNIQUE_CHECKS=@@UNIQUE_CHECKS, UNIQUE_CHECKS=0 */;
/*!40014 SET @OLD_FOREIGN_KEY_CHECKS=@@FOREIGN_KEY_CHECKS, FOREIGN_KEY_CHECKS=0 */;
/*!40101 SET @OLD_SQL_MODE=@@SQL_MODE, SQL_MODE='NO_AUTO_VALUE_ON_ZERO' */;
/*!40111 SET @OLD_SQL_NOTES=@@SQL_NOTES, SQL_NOTES=0 */;

--
-- Table structure for table `auth_user`
--

DROP TABLE IF EXISTS `auth_user`;
/*!40101 SET @saved_cs_client     = @@character_set_client */;
/*!40101 SET character_set_client = utf8 */;
CREATE TABLE `auth_user` (
  `username` varchar(45) NOT NULL DEFAULT '',
  `password` varchar(45) NOT NULL DEFAULT '',
  PRIMARY KEY (`username`)
) ENGINE=InnoDB DEFAULT CHARSET=latin1;
/*!40101 SET character_set_client = @saved_cs_client */;

--
-- Dumping data for table `auth_user`
--

LOCK TABLES `auth_user` WRITE;
/*!40000 ALTER TABLE `auth_user` DISABLE KEYS */;
INSERT INTO `auth_user` VALUES ('check','12345'),('ddssukd','12345'),('devanshu','12345'),('dgjkkdfhkjfd','123456'),('ghkgjhgjh','12345'),('jfjjkdfhfdkkj','12345'),('jlkfdjlkd','12345'),('test','12345');
/*!40000 ALTER TABLE `auth_user` ENABLE KEYS */;
UNLOCK TABLES;

--
-- Table structure for table `bloodgroup`
--

DROP TABLE IF EXISTS `bloodgroup`;
/*!40101 SET @saved_cs_client     = @@character_set_client */;
/*!40101 SET character_set_client = utf8 */;
CREATE TABLE `bloodgroup` (
  `bloodgroup` varchar(50) NOT NULL DEFAULT '',
  PRIMARY KEY (`bloodgroup`)
) ENGINE=InnoDB DEFAULT CHARSET=latin1;
/*!40101 SET character_set_client = @saved_cs_client */;

--
-- Dumping data for table `bloodgroup`
--

LOCK TABLES `bloodgroup` WRITE;
/*!40000 ALTER TABLE `bloodgroup` DISABLE KEYS */;
INSERT INTO `bloodgroup` VALUES ('A+'),('A-'),('A1+'),('A1-'),('A1B+'),('A1B-'),('A2+'),('A2-'),('A2B+'),('A2B-'),('AB+'),('AB-'),('B+'),('B-'),('Bombay Blood Group'),('O+'),('O-');
/*!40000 ALTER TABLE `bloodgroup` ENABLE KEYS */;
UNLOCK TABLES;

--
-- Table structure for table `city`
--

DROP TABLE IF EXISTS `city`;
/*!40101 SET @saved_cs_client     = @@character_set_client */;
/*!40101 SET character_set_client = utf8 */;
CREATE TABLE `city` (
  `id` int(10) unsigned NOT NULL AUTO_INCREMENT,
  `city_name` varchar(200) NOT NULL DEFAULT '',
  `state_name` varchar(45) NOT NULL DEFAULT '',
  PRIMARY KEY (`id`),
  KEY `FK_city_1` (`state_name`),
  CONSTRAINT `FK_city_1` FOREIGN KEY (`state_name`) REFERENCES `state` (`state_name`)
) ENGINE=InnoDB AUTO_INCREMENT=1672 DEFAULT CHARSET=latin1;
/*!40101 SET character_set_client = @saved_cs_client */;

--
-- Dumping data for table `city`
--

LOCK TABLES `city` WRITE;
/*!40000 ALTER TABLE `city` DISABLE KEYS */;
INSERT INTO `city` VALUES (1,'Port Blair','Andaman and Nicobar Islands'),(2,'Adilabad','Andhra Pradesh'),(3,'Adoni','Andhra Pradesh'),(4,'Amadalavalasa','Andhra Pradesh'),(5,'Amalapuram','Andhra Pradesh'),(6,'Ameenapuram','Andhra Pradesh'),(7,'Anakapalle','Andhra Pradesh'),(8,'Anantapur','Andhra Pradesh'),(9,'Badepalle','Andhra Pradesh'),(10,'Banganapalle','Andhra Pradesh'),(11,'Bapatla','Andhra Pradesh'),(12,'Bellampalle','Andhra Pradesh'),(13,'Bethamcherla','Andhra Pradesh'),(14,'Bhadrachalam','Andhra Pradesh'),(15,'Bhainsa','Andhra Pradesh'),(16,'Bheemunipatnam','Andhra Pradesh'),(17,'Bhimavaram','Andhra Pradesh'),(18,'Bhongir','Andhra Pradesh'),(19,'Bobbili','Andhra Pradesh'),(20,'Bodhan','Andhra Pradesh'),(21,'Chapirevula','Andhra Pradesh'),(22,'Chilakaluripet','Andhra Pradesh'),(23,'Chirala','Andhra Pradesh'),(24,'Chittoor','Andhra Pradesh'),(25,'Cuddapah','Andhra Pradesh'),(26,'Devarakonda','Andhra Pradesh'),(27,'Dharmavaram','Andhra Pradesh'),(28,'Eluru','Andhra Pradesh'),(29,'Farooqnagar','Andhra Pradesh'),(30,'Gadwal','Andhra Pradesh'),(31,'Gooty','Andhra Pradesh'),(32,'Gudivada','Andhra Pradesh'),(33,'Gudur','Andhra Pradesh'),(34,'Guntakal','Andhra Pradesh'),(35,'Guntur','Andhra Pradesh'),(36,'Hanuman Junction','Andhra Pradesh'),(37,'Hindupur','Andhra Pradesh'),(38,'Hyderabad','Andhra Pradesh'),(39,'Ichchapuram','Andhra Pradesh'),(40,'Jaggaiahpet','Andhra Pradesh'),(41,'Jagtial','Andhra Pradesh'),(42,'Jammalamadugu','Andhra Pradesh'),(43,'Jangaon','Andhra Pradesh'),(44,'Kadapa','Andhra Pradesh'),(45,'Kadiri','Andhra Pradesh'),(46,'Kagaznagar','Andhra Pradesh'),(47,'Kakinada','Andhra Pradesh'),(48,'Kalyandurg','Andhra Pradesh'),(49,'Kamareddy','Andhra Pradesh'),(50,'Kandukur','Andhra Pradesh'),(51,'Karimnagar','Andhra Pradesh'),(52,'Kavali','Andhra Pradesh'),(53,'Khammam','Andhra Pradesh'),(54,'Kodad','Andhra Pradesh'),(55,'Koratla','Andhra Pradesh'),(56,'Kothagudem','Andhra Pradesh'),(57,'Kothapeta','Andhra Pradesh'),(58,'Kovvur','Andhra Pradesh'),(59,'Kurnool','Andhra Pradesh'),(60,'Kyathampalle','Andhra Pradesh'),(61,'Macherla','Andhra Pradesh'),(62,'Machilipatnam','Andhra Pradesh'),(63,'Madanapalle','Andhra Pradesh'),(64,'Mahbubnagar','Andhra Pradesh'),(65,'Mancherial','Andhra Pradesh'),(66,'Mandamarri','Andhra Pradesh'),(67,'Mandapeta','Andhra Pradesh'),(68,'Mangalagiri','Andhra Pradesh'),(69,'Manuguru','Andhra Pradesh'),(70,'Markapur','Andhra Pradesh'),(71,'Medak','Andhra Pradesh'),(72,'Miryalaguda','Andhra Pradesh'),(73,'Mogalthur','Andhra Pradesh'),(74,'Nagari','Andhra Pradesh'),(75,'Nagarkurnool','Andhra Pradesh'),(76,'Nandyal','Andhra Pradesh'),(77,'Narasapur','Andhra Pradesh'),(78,'Narasaraopet','Andhra Pradesh'),(79,'Narayanpet','Andhra Pradesh'),(80,'Narsipatnam','Andhra Pradesh'),(81,'Nellore','Andhra Pradesh'),(82,'Nidadavole','Andhra Pradesh'),(83,'Nirmal','Andhra Pradesh'),(84,'Nizamabad','Andhra Pradesh'),(85,'Nuzvid','Andhra Pradesh'),(86,'Ongole','Andhra Pradesh'),(87,'Palacole','Andhra Pradesh'),(88,'Palasa Kasibugga','Andhra Pradesh'),(89,'Pondur','Andhra Pradesh'),(90,'Palwancha','Andhra Pradesh'),(91,'Parvathipuram','Andhra Pradesh'),(92,'Pedana','Andhra Pradesh'),(93,'Peddapuram','Andhra Pradesh'),(94,'Penuganchiprolu','Andhra Pradesh'),(95,'Pithapuram','Andhra Pradesh'),(96,'Ponnur','Andhra Pradesh'),(97,'Proddatur','Andhra Pradesh'),(98,'Punganur','Andhra Pradesh'),(99,'Puttur','Andhra Pradesh'),(100,'Rajahmundry','Andhra Pradesh'),(101,'Rajam','Andhra Pradesh'),(102,'Rajampet','Andhra Pradesh'),(103,'Ramachandrapuram','Andhra Pradesh'),(104,'Ramagundam','Andhra Pradesh'),(105,'Rayachoti','Andhra Pradesh'),(106,'Rayadurg','Andhra Pradesh'),(107,'Renigunta','Andhra Pradesh'),(108,'Repalle','Andhra Pradesh'),(109,'Sadasivpet','Andhra Pradesh'),(110,'Salur','Andhra Pradesh'),(111,'Samalkot','Andhra Pradesh'),(112,'Sangareddy','Andhra Pradesh'),(113,'Sattenapalle','Andhra Pradesh'),(114,'Siddipet','Andhra Pradesh'),(115,'Singapur','Andhra Pradesh'),(116,'Sircilla','Andhra Pradesh'),(117,'Srikakulam','Andhra Pradesh'),(118,'Srikalahasti','Andhra Pradesh'),(119,'Srisailam Project (Right Flank Colony) Township','Andhra Pradesh'),(120,'Suryapet','Andhra Pradesh'),(121,'Tadepalligudem','Andhra Pradesh'),(122,'Tadpatri','Andhra Pradesh'),(123,'Tandur','Andhra Pradesh'),(124,'Tanuku','Andhra Pradesh'),(125,'Tenali','Andhra Pradesh'),(126,'Tirupati','Andhra Pradesh'),(127,'Tiruvuru','Andhra Pradesh'),(128,'Tuni','Andhra Pradesh'),(129,'Uravakonda','Andhra Pradesh'),(130,'Venkatagiri','Andhra Pradesh'),(131,'Vicarabad','Andhra Pradesh'),(132,'Vijayawada','Andhra Pradesh'),(133,'Vinukonda','Andhra Pradesh'),(134,'Visakhapatnam','Andhra Pradesh'),(135,'Vizianagaram','Andhra Pradesh'),(136,'Wanaparthy','Andhra Pradesh'),(137,'Warangal','Andhra Pradesh'),(138,'Yellandu','Andhra Pradesh'),(139,'Yemmiganur','Andhra Pradesh'),(140,'Yerraguntla','Andhra Pradesh'),(141,'Along','Arunachal Pradesh'),(142,'Bomdila','Arunachal Pradesh'),(143,'Itanagar','Arunachal Pradesh'),(144,'Naharlagun','Arunachal Pradesh'),(145,'Pasighat','Arunachal Pradesh'),(146,'Amguri','Assam'),(147,'Anandnagaar','Assam'),(148,'Barpeta','Assam'),(149,'Barpeta Road','Assam'),(150,'Bilasipara','Assam'),(151,'Bongaigaon City','Assam'),(152,'Dhekiajuli','Assam'),(153,'Dhubri','Assam'),(154,'Dibrugarh','Assam'),(155,'Digboi','Assam'),(156,'Diphu','Assam'),(157,'Dispur','Assam'),(158,'Duliajan Oil Town','Assam'),(159,'Gauripur','Assam'),(160,'Goalpara','Assam'),(161,'Golaghat','Assam'),(162,'Guwahati','Assam'),(163,'Haflong','Assam'),(164,'Hailakandi','Assam'),(165,'Hojai','Assam'),(166,'Jorhat','Assam'),(167,'Karimganj','Assam'),(168,'Kokrajhar','Assam'),(169,'Lanka','Assam'),(170,'Lumding','Assam'),(171,'Mangaldoi','Assam'),(172,'Mankachar','Assam'),(173,'Margherita','Assam'),(174,'Mariani','Assam'),(175,'Marigaon','Assam'),(176,'Nagaon','Assam'),(177,'Nalbari','Assam'),(178,'North Lakhimpur','Assam'),(179,'Rangia','Assam'),(180,'Sibsagar','Assam'),(181,'Silapathar','Assam'),(182,'Silchar','Assam'),(183,'Tezpur','Assam'),(184,'Tinsukia','Assam'),(185,'Amarpur','Bihar'),(186,'Araria','Bihar'),(187,'Areraj','Bihar'),(188,'Arrah','Bihar'),(189,'Arwal','Bihar'),(190,'Asarganj','Bihar'),(191,'Aurangabad','Bihar'),(192,'Bagaha','Bihar'),(193,'Bahadurganj','Bihar'),(194,'Bairgania','Bihar'),(195,'Bakhtiarpur','Bihar'),(196,'Banka','Bihar'),(197,'Banmankhi Bazar','Bihar'),(198,'Barahiya','Bihar'),(199,'Barauli','Bihar'),(200,'Barbigha','Bihar'),(201,'Barh','Bihar'),(202,'Begusarai','Bihar'),(203,'Behea','Bihar'),(204,'Bettiah','Bihar'),(205,'Bhabua','Bihar'),(206,'Bhagalpur','Bihar'),(207,'Bihar Sharif','Bihar'),(208,'Bikramganj','Bihar'),(209,'Bodh Gaya','Bihar'),(210,'Buxar','Bihar'),(211,'Chanpatia','Bihar'),(212,'Chhapra','Bihar'),(213,'Colgong','Bihar'),(214,'Chandan Bara','Bihar'),(215,'Dalsinghsarai','Bihar'),(216,'Darbhanga','Bihar'),(217,'Daudnagar','Bihar'),(218,'Dehri-on-Sone','Bihar'),(219,'Dighwara','Bihar'),(220,'Dumraon','Bihar'),(221,'Fatwah','Bihar'),(222,'Forbesganj','Bihar'),(223,'Gaya','Bihar'),(224,'Gogri Jamalpur','Bihar'),(225,'Gopalganj','Bihar'),(226,'Hajipur','Bihar'),(227,'Hilsa','Bihar'),(228,'Hisua','Bihar'),(229,'Islampur','Bihar'),(230,'Jagdispur','Bihar'),(231,'Jamalpur','Bihar'),(232,'Jamui','Bihar'),(233,'Jehanabad','Bihar'),(234,'Jhajha','Bihar'),(235,'Jhanjharpur','Bihar'),(236,'Jogabani','Bihar'),(237,'Kanti','Bihar'),(238,'Katihar','Bihar'),(239,'Khagaria','Bihar'),(240,'Kharagpur','Bihar'),(241,'Kishanganj','Bihar'),(242,'Lakhisarai','Bihar'),(243,'Lalganj','Bihar'),(244,'Madhepura','Bihar'),(245,'Madhubani','Bihar'),(246,'Maharajganj','Bihar'),(247,'Mahnar Bazar','Bihar'),(248,'Makhdumpur','Bihar'),(249,'Maner','Bihar'),(250,'Manihari','Bihar'),(251,'Marhaura','Bihar'),(252,'Masaurhi','Bihar'),(253,'Mirganj','Bihar'),(254,'Mohania','Bihar'),(255,'Mokama','Bihar'),(256,'Mokameh','Bihar'),(257,'Motihari','Bihar'),(258,'Motipur','Bihar'),(259,'Munger','Bihar'),(260,'Murliganj','Bihar'),(261,'Muzaffarpur','Bihar'),(262,'Nalanda','Bihar'),(263,'Narkatiaganj','Bihar'),(264,'Naugachhia','Bihar'),(265,'Nawada','Bihar'),(266,'Nokha','Bihar'),(267,'Patna','Bihar'),(268,'Piro','Bihar'),(269,'Purnia','Bihar'),(270,'Rafiganj','Bihar'),(271,'Rajgir','Bihar'),(272,'Ramnagar','Bihar'),(273,'Raxaul Bazar','Bihar'),(274,'Revelganj','Bihar'),(275,'Rosera','Bihar'),(276,'Saharsa','Bihar'),(277,'Samastipur','Bihar'),(278,'Sasaram','Bihar'),(279,'Sheikhpura','Bihar'),(280,'Sheohar','Bihar'),(281,'Sherghati','Bihar'),(282,'Silao','Bihar'),(283,'Sitamarhi','Bihar'),(284,'Siwan','Bihar'),(285,'Sonepur','Bihar'),(286,'Sugauli','Bihar'),(287,'Sultanganj','Bihar'),(288,'Supaul','Bihar'),(289,'Warisaliganj','Bihar'),(290,'Chandigarh-The Beautiful City','Chandigarh'),(291,'Ahiwara','Chhattisgarh'),(292,'Akaltara','Chhattisgarh'),(293,'Ambagarh Chowki','Chhattisgarh'),(294,'Ambikapur','Chhattisgarh'),(295,'Arang','Chhattisgarh'),(296,'Bade Bacheli','Chhattisgarh'),(297,'Balod','Chhattisgarh'),(298,'Baloda Bazar','Chhattisgarh'),(299,'Basna','Chhattisgarh'),(300,'Bemetra','Chhattisgarh'),(301,'Bhatapara','Chhattisgarh'),(302,'Bhilai','Chhattisgarh'),(303,'Bilaspur','Chhattisgarh'),(304,'Birgaon','Chhattisgarh'),(305,'Champa','Chhattisgarh'),(306,'Chirmiri','Chhattisgarh'),(307,'Dalli-Rajhara','Chhattisgarh'),(308,'Dhamtari','Chhattisgarh'),(309,'Dipka','Chhattisgarh'),(310,'Dongargarh','Chhattisgarh'),(311,'Durg-Bhilai Nagar','Chhattisgarh'),(312,'Gobranawapara','Chhattisgarh'),(313,'Jagdalpur','Chhattisgarh'),(314,'Janjgir','Chhattisgarh'),(315,'Jashpurnagar','Chhattisgarh'),(316,'Kanker','Chhattisgarh'),(317,'Kawardha','Chhattisgarh'),(318,'Kondagaon','Chhattisgarh'),(319,'Korba','Chhattisgarh'),(320,'Mahasamund','Chhattisgarh'),(321,'Mahendragarh','Chhattisgarh'),(322,'Mungeli','Chhattisgarh'),(323,'Naila Janjgir','Chhattisgarh'),(324,'Nawagarh','Chhattisgarh'),(325,'Raigarh','Chhattisgarh'),(326,'Raipur','Chhattisgarh'),(327,'Rajnandgaon','Chhattisgarh'),(328,'Sakti','Chhattisgarh'),(329,'Tilda Newra','Chhattisgarh'),(330,'Amli','Dadra and Nagar Haveli'),(331,'Silvassa','Dadra and Nagar Haveli'),(332,'Daman and Diu','Daman and Diu'),(333,'Asola','Delhi'),(334,'Bawana','Delhi'),(335,'Bhajanpura','Delhi'),(336,'Delhi','Delhi'),(337,'Najafgarh','Delhi'),(338,'Narela','Delhi'),(339,'New Delhi','Delhi'),(340,'Aldona','Goa'),(341,'Curchorem Cacora','Goa'),(342,'Goa Velha','Goa'),(343,'Margao','Goa'),(344,'Mapusa','Goa'),(345,'Margao','Goa'),(346,'Marmagao','Goa'),(347,'Panaji','Goa'),(348,'Adalaj','Gujarat'),(349,'Adityana','Gujarat'),(350,'Ahmedabad','Gujarat'),(351,'Alang','Gujarat'),(352,'Ambaji','Gujarat'),(353,'Ambaliyasan','Gujarat'),(354,'Amreli','Gujarat'),(355,'Anand','Gujarat'),(356,'Andada','Gujarat'),(357,'Anjar','Gujarat'),(358,'Anklav','Gujarat'),(359,'Ankleshwar','Gujarat'),(360,'Antaliya','Gujarat'),(361,'Arambhada','Gujarat'),(362,'Atul','Gujarat'),(363,'Bharuch','Gujarat'),(364,'Bhavnagar','Gujarat'),(365,'Bhuj','Gujarat'),(366,'Dahod','Gujarat'),(367,'Deesa','Gujarat'),(368,'Dehegam','Gujarat'),(369,'Dharampur','Gujarat'),(370,'Dholka','Gujarat'),(371,'Dhoraji','Gujarat'),(372,'Dwarka','Gujarat'),(373,'Gandhidham','Gujarat'),(374,'Gandhinagar','Gujarat'),(375,'Godhra','Gujarat'),(376,'Himatnagar','Gujarat'),(377,'Idar','Gujarat'),(378,'Jamnagar','Gujarat'),(379,'Junagadh','Gujarat'),(380,'Kadi','Gujarat'),(381,'Kalavad','Gujarat'),(382,'Kalol','Gujarat'),(383,'Kapadvanj','Gujarat'),(384,'Karjan','Gujarat'),(385,'Keshod','Gujarat'),(386,'Khambhalia','Gujarat'),(387,'Khambhat','Gujarat'),(388,'Kheda','Gujarat'),(389,'Khedbrahma','Gujarat'),(390,'Kheralu','Gujarat'),(391,'Kodinar','Gujarat'),(392,'Lathi','Gujarat'),(393,'Limbdi','Gujarat'),(394,'Lunawada','Gujarat'),(395,'Mahesana','Gujarat'),(396,'Mahuva','Gujarat'),(397,'Manavadar','Gujarat'),(398,'Mandvi','Gujarat'),(399,'Mangrol','Gujarat'),(400,'Mansa','Gujarat'),(401,'Mehmedabad','Gujarat'),(402,'Mithapur','Gujarat'),(403,'Modasa','Gujarat'),(404,'Morvi','Gujarat'),(405,'Nadiad','Gujarat'),(406,'Navsari','Gujarat'),(407,'Padra','Gujarat'),(408,'Palanpur','Gujarat'),(409,'Palitana','Gujarat'),(410,'Pardi','Gujarat'),(411,'Patan','Gujarat'),(412,'Petlad','Gujarat'),(413,'Porbandar','Gujarat'),(414,'Radhanpur','Gujarat'),(415,'Rajkot','Gujarat'),(416,'Rajpipla','Gujarat'),(417,'Rajula','Gujarat'),(418,'Ranavav','Gujarat'),(419,'Rapar','Gujarat'),(420,'Salaya','Gujarat'),(421,'Sanand','Gujarat'),(422,'Savarkundla','Gujarat'),(423,'Sidhpur','Gujarat'),(424,'Sihor','Gujarat'),(425,'Songadh','Gujarat'),(426,'Surat','Gujarat'),(427,'Talaja','Gujarat'),(428,'Thangadh','Gujarat'),(429,'Tharad','Gujarat'),(430,'Umbergaon','Gujarat'),(431,'Umreth','Gujarat'),(432,'Una','Gujarat'),(433,'Unjha','Gujarat'),(434,'Upleta','Gujarat'),(435,'Vadnagar','Gujarat'),(436,'Vadodara','Gujarat'),(437,'Valsad','Gujarat'),(438,'Vapi','Gujarat'),(439,'Vapi','Gujarat'),(440,'Veraval','Gujarat'),(441,'Vijapur','Gujarat'),(442,'Viramgam','Gujarat'),(443,'Visnagar','Gujarat'),(444,'Vyara','Gujarat'),(445,'Wadhwan','Gujarat'),(446,'Wankaner','Gujarat'),(447,'Asankhurd','Haryana'),(448,'Assandh','Haryana'),(449,'Ateli','Haryana'),(450,'Babiyal','Haryana'),(451,'Bahadurgarh','Haryana'),(452,'Ballabhgarh','Haryana'),(453,'Barwala','Haryana'),(454,'Bawal','Haryana'),(455,'Bhiwani','Haryana'),(456,'Charkhi Dadri','Haryana'),(457,'Cheeka','Haryana'),(458,'Ellenabad','Haryana'),(459,'Faridabad','Haryana'),(460,'Fatehabad','Haryana'),(461,'Ganaur','Haryana'),(462,'Gharaunda','Haryana'),(463,'Gohana','Haryana'),(464,'Gurgaon','Haryana'),(465,'Hansi','Haryana'),(466,'Hisar','Haryana'),(467,'Hodal','Haryana'),(468,'Jagadhri','Haryana'),(469,'Jhajjar','Haryana'),(470,'Jind','Haryana'),(471,'Kaithal','Haryana'),(472,'Kalan Wali','Haryana'),(473,'Kalka','Haryana'),(474,'Karnal','Haryana'),(475,'Kurukshetra','Haryana'),(476,'Ladwa','Haryana'),(477,'Mahendragarh','Haryana'),(478,'Mandi Dabwali','Haryana'),(479,'Manesar','Haryana'),(480,'Narnaul','Haryana'),(481,'Narwana','Haryana'),(482,'Palwal','Haryana'),(483,'Panchkula','Haryana'),(484,'Panipat','Haryana'),(485,'Pehowa','Haryana'),(486,'Pinjore','Haryana'),(487,'Rania','Haryana'),(488,'Ratia','Haryana'),(489,'Rewari','Haryana'),(490,'Rohtak','Haryana'),(491,'Safidon','Haryana'),(492,'Samalkha','Haryana'),(493,'Sarsod','Haryana'),(494,'Shahbad','Haryana'),(495,'Sirsa','Haryana'),(496,'Sohna','Haryana'),(497,'Sonipat','Haryana'),(498,'Taraori','Haryana'),(499,'Thanesar','Haryana'),(500,'Tohana','Haryana'),(501,'Yamunanagar','Haryana'),(502,'Arki','Himachal Pradesh'),(503,'Baddi','Himachal Pradesh'),(504,'Bilaspur','Himachal Pradesh'),(505,'Chamba','Himachal Pradesh'),(506,'Dalhousie','Himachal Pradesh'),(507,'Dharamsala','Himachal Pradesh'),(508,'Hamirpur','Himachal Pradesh'),(509,'Keylong','Himachal Pradesh'),(510,'Mandi','Himachal Pradesh'),(511,'Nahan','Himachal Pradesh'),(512,'Shimla','Himachal Pradesh'),(513,'Solan','Himachal Pradesh'),(514,'Sundarnagar','Himachal Pradesh'),(515,'Achabal','Jammu and Kashmir'),(516,'Akhnoor','Jammu and Kashmir'),(517,'Anantnag','Jammu and Kashmir'),(518,'Arnia','Jammu and Kashmir'),(519,'Awantipora','Jammu and Kashmir'),(520,'Bandipore','Jammu and Kashmir'),(521,'Baramula','Jammu and Kashmir'),(522,'Bijbehara','Jammu and Kashmir'),(523,'Jammu','Jammu and Kashmir'),(524,'Kathua','Jammu and Kashmir'),(525,'Katra','Jammu and Kashmir'),(526,'Leh','Jammu and Kashmir'),(527,'Punch','Jammu and Kashmir'),(528,'Rajauri','Jammu and Kashmir'),(529,'Sopore','Jammu and Kashmir'),(530,'Srinagar','Jammu and Kashmir'),(531,'Udhampur','Jammu and Kashmir'),(532,'Amlabad','Jharkhand'),(533,'Ara','Jharkhand'),(534,'Barughutu','Jharkhand'),(535,'Bokaro Steel City','Jharkhand'),(536,'Chaibasa','Jharkhand'),(537,'Chakradharpur','Jharkhand'),(538,'Chandil','Jharkhand'),(539,'Chandrapura','Jharkhand'),(540,'Chatra','Jharkhand'),(541,'Chirkunda','Jharkhand'),(542,'Churi','Jharkhand'),(543,'Daltonganj','Jharkhand'),(544,'Deoghar','Jharkhand'),(545,'Dhanbad','Jharkhand'),(546,'Dumka','Jharkhand'),(547,'Garhwa','Jharkhand'),(548,'Ghatshila','Jharkhand'),(549,'Giridih','Jharkhand'),(550,'Godda','Jharkhand'),(551,'Gomoh','Jharkhand'),(552,'Gumia','Jharkhand'),(553,'Gumla','Jharkhand'),(554,'Hazaribag','Jharkhand'),(555,'Hussainabad','Jharkhand'),(556,'Jamshedpur','Jharkhand'),(557,'Jamtara','Jharkhand'),(558,'Jhumri Tilaiya','Jharkhand'),(559,'Khunti','Jharkhand'),(560,'Lohardaga','Jharkhand'),(561,'Madhupur','Jharkhand'),(562,'Mihijam','Jharkhand'),(563,'Musabani','Jharkhand'),(564,'Pakaur','Jharkhand'),(565,'Patratu','Jharkhand'),(566,'Phusro','Jharkhand'),(567,'Ramngarh','Jharkhand'),(568,'Ranchi','Jharkhand'),(569,'Sahibganj','Jharkhand'),(570,'Saunda','Jharkhand'),(571,'Simdega','Jharkhand'),(572,'Tenu Dam-cum-Kathhara','Jharkhand'),(573,'Pereyaapatna','Karnataka'),(574,'Adiyara','Karnataka'),(575,'Afzalpura','Karnataka'),(576,'Alandha','Karnataka'),(577,'Aalanavara','Karnataka'),(578,'Alur','Karnataka'),(579,'Ambikaanagara','Karnataka'),(580,'Anekal','Karnataka'),(581,'Ankola','Karnataka'),(582,'Annigeri','Karnataka'),(583,'Arsikere','Karnataka'),(584,'Arkalgud','Karnataka'),(585,'Athni','Karnataka'),(586,'Aurad','Karnataka'),(587,'Babaleshwar','Karnataka'),(588,'Bangalore','Karnataka'),(589,'Basavan Bagevadi','Karnataka'),(590,'Belgaum','Karnataka'),(591,'Ballary','Karnataka'),(592,'Bidar','Karnataka'),(593,'Bijapur','Karnataka'),(594,'Chadchan','Karnataka'),(595,'Chamarajanagara','Karnataka'),(596,'Chikkodi','Karnataka'),(597,'Chikkamagalur','Karnataka'),(598,'Chinthaamani','Karnataka'),(599,'Chitradurga','Karnataka'),(600,'Chikkaballapura','Karnataka'),(601,'Davanagere','Karnataka'),(602,'Devar Hipparagi','Karnataka'),(603,'Dharwad','Karnataka'),(604,'Gadhaga/Gadag','Karnataka'),(605,'Gauribidanur','Karnataka'),(606,'Gokak','Karnataka'),(607,'Gulbarga','Karnataka'),(608,'Gundlupet','Karnataka'),(609,'Haasana','Karnataka'),(610,'Hosapet','Karnataka'),(611,'Hubbali','Karnataka'),(612,'Hukkeri','Karnataka'),(613,'Indi','Karnataka'),(614,'Kalburgi','Karnataka'),(615,'Kaarkala','Karnataka'),(616,'Karwar','Karnataka'),(617,'Kolar','Karnataka'),(618,'Kolhar','Karnataka'),(619,'Kota','Karnataka'),(620,'Lakshmishawara','Karnataka'),(621,'Lingsuguru','Karnataka'),(622,'Maddhuru','Karnataka'),(623,'Madhugiri','Karnataka'),(624,'Madikeri','Karnataka'),(625,'Maagadi','Karnataka'),(626,'Mahalingapura','Karnataka'),(627,'Malavalli','Karnataka'),(628,'Maaluru','Karnataka'),(629,'Mandya','Karnataka'),(630,'Mangalore','Karnataka'),(631,'Maanvi','Karnataka'),(632,'Mudalagi','Karnataka'),(633,'Mudabidri','Karnataka'),(634,'Muddebihala','Karnataka'),(635,'Mudhola','Karnataka'),(636,'Mulabaagilu','Karnataka'),(637,'Mundaragi','Karnataka'),(638,'Delhi','Karnataka'),(639,'Nidagundi','Karnataka'),(640,'Nanjanagoodu','Karnataka'),(641,'Nippani','Karnataka'),(642,'Paavagada','Karnataka'),(643,'Puthooru','Karnataka'),(644,'Rabakavi Banahatti','Karnataka'),(645,'Raayachuru','Karnataka'),(646,'Raamanagara','Karnataka'),(647,'Raamadurga','Karnataka'),(648,'Ranibennur','Karnataka'),(649,'Robertson Pet','Karnataka'),(650,'Ron','Karnataka'),(651,'Sadalaga','Karnataka'),(652,'Sagara','Karnataka'),(653,'Sakaleshapura','Karnataka'),(654,'Sindagi','Karnataka'),(655,'Sandur','Karnataka'),(656,'Sankeshwara','Karnataka'),(657,'Soudaththi-Yellamma','Karnataka'),(658,'Savanur','Karnataka'),(659,'Sedam','Karnataka'),(660,'Shahabad','Karnataka'),(661,'Shahapura','Karnataka'),(662,'Shiggaavi','Karnataka'),(663,'Shikapur','Karnataka'),(664,'Shivamogga','Karnataka'),(665,'Surapura','Karnataka'),(666,'Shree Rangapattana','Karnataka'),(667,'Sidhalaghatta','Karnataka'),(668,'Sindhagi','Karnataka'),(669,'Sindhanooru','Karnataka'),(670,'Sira','Karnataka'),(671,'Sirsi','Karnataka'),(672,'Sheraguppa','Karnataka'),(673,'Shreenivaasapura','Karnataka'),(674,'Thaalikote','Karnataka'),(675,'Tarikere','Karnataka'),(676,'Tekkalakote','Karnataka'),(677,'Thergallu','Karnataka'),(678,'Tikota','Karnataka'),(679,'Talikota','Karnataka'),(680,'Thipatooru','Karnataka'),(681,'Tumkur','Karnataka'),(682,'Udupi','Karnataka'),(683,'Ugar','Karnataka'),(684,'Vijayapura','Karnataka'),(685,'Wadi','Karnataka'),(686,'Yaadhagiri','Karnataka'),(687,'Adoor','Kerala'),(688,'Akathiyoor','Kerala'),(689,'Alappuzha','Kerala'),(690,'Ancharakandy','Kerala'),(691,'Aroor','Kerala'),(692,'Ashtamichira','Kerala'),(693,'Attingal','Kerala'),(694,'Avinissery','Kerala'),(695,'Chalakudy','Kerala'),(696,'Changanassery','Kerala'),(697,'Chendamangalam','Kerala'),(698,'Chengannur','Kerala'),(699,'Cherthala','Kerala'),(700,'Cheruthazham','Kerala'),(701,'Chittur-Thathamangalam','Kerala'),(702,'Chockli','Kerala'),(703,'Erattupetta','Kerala'),(704,'Edathua','Kerala'),(705,'Guruvayoor','Kerala'),(706,'Haripad','Kerala'),(707,'Irinjalakuda','Kerala'),(708,'Idukki','Kerala'),(709,'Kadirur','Kerala'),(710,'Kalliasseri','Kerala'),(711,'Kalpetta','Kerala'),(712,'Kanhangad','Kerala'),(713,'Kanjikkuzhi','Kerala'),(714,'Kannur','Kerala'),(715,'Kasaragod','Kerala'),(716,'Kayamkulam','Kerala'),(717,'Kochi','Kerala'),(718,'Kodungallur','Kerala'),(719,'Kollam','Kerala'),(720,'Koothuparamba','Kerala'),(721,'Kothamangalam','Kerala'),(722,'Kottayam','Kerala'),(723,'Kozhikode','Kerala'),(724,'Kozhencherry','Kerala'),(725,'Kunnamkulam','Kerala'),(726,'Malappuram','Kerala'),(727,'Mattannur','Kerala'),(728,'Mavelikkara','Kerala'),(729,'Mavoor','Kerala'),(730,'Muvattupuzha','Kerala'),(731,'Nedumangad','Kerala'),(732,'Neyyattinkara','Kerala'),(733,'Nilambur','Kerala'),(734,'Ottappalam','Kerala'),(735,'Palai','Kerala'),(736,'Palakkad','Kerala'),(737,'Panamattom','Kerala'),(738,'Panniyannur','Kerala'),(739,'Pappinisseri','Kerala'),(740,'Paravoor','Kerala'),(741,'Pathanamthitta','Kerala'),(742,'Peringathur','Kerala'),(743,'Perinthalmanna','Kerala'),(744,'Perumbavoor','Kerala'),(745,'Ponkunnam','Kerala'),(746,'Ponnani','Kerala'),(747,'Punalur','Kerala'),(748,'Puthuppally','Kerala'),(749,'Quilandy','Kerala'),(750,'Shoranur','Kerala'),(751,'Taliparamba','Kerala'),(752,'Thiruvalla','Kerala'),(753,'Trivandrum','Kerala'),(754,'Thodupuzha','Kerala'),(755,'Thrissur','Kerala'),(756,'Tirur','Kerala'),(757,'Vadakara','Kerala'),(758,'Vaikom','Kerala'),(759,'Varkala','Kerala'),(760,'Amini','Lakshadweep'),(761,'Kavaratti','Lakshadweep'),(762,'Ashok Nagar','Madhya Pradesh'),(763,'Badagaon','Madhya Pradesh'),(764,'Balaghat','Madhya Pradesh'),(765,'Barwani','Madhya Pradesh'),(766,'Betul','Madhya Pradesh'),(767,'Bhopal','Madhya Pradesh'),(768,'Burhanpur','Madhya Pradesh'),(769,'Chhatarpur','Madhya Pradesh'),(770,'Chhindwara','Madhya Pradesh'),(771,'Chitrakoot','Madhya Pradesh'),(772,'Dabra','Madhya Pradesh'),(773,'Damoh','Madhya Pradesh'),(774,'Datia','Madhya Pradesh'),(775,'Dewas','Madhya Pradesh'),(776,'Dhar','Madhya Pradesh'),(777,'Fatehabad','Madhya Pradesh'),(778,'Gadarwara','Madhya Pradesh'),(779,'Guna','Madhya Pradesh'),(780,'Gwalior','Madhya Pradesh'),(781,'Harda','Madhya Pradesh'),(782,'Indore','Madhya Pradesh'),(783,'Itarsi','Madhya Pradesh'),(784,'Jabalpur','Madhya Pradesh'),(785,'Jhabua','Madhya Pradesh'),(786,'Kailaras','Madhya Pradesh'),(787,'Katni','Madhya Pradesh'),(788,'Khurai','Madhya Pradesh'),(789,'Kotma','Madhya Pradesh'),(790,'Lahar','Madhya Pradesh'),(791,'Lundi','Madhya Pradesh'),(792,'Maharajpur','Madhya Pradesh'),(793,'Mahidpur','Madhya Pradesh'),(794,'Maihar','Madhya Pradesh'),(795,'Malajkhand','Madhya Pradesh'),(796,'Manasa','Madhya Pradesh'),(797,'Manawar','Madhya Pradesh'),(798,'Mandideep','Madhya Pradesh'),(799,'Mandla','Madhya Pradesh'),(800,'Mandsaur','Madhya Pradesh'),(801,'Mauganj','Madhya Pradesh'),(802,'Mhow Cantonment','Madhya Pradesh'),(803,'Mhowgaon','Madhya Pradesh'),(804,'Morena','Madhya Pradesh'),(805,'Multai','Madhya Pradesh'),(806,'Mundi','Madhya Pradesh'),(807,'Murwara','Madhya Pradesh'),(808,'Nagda','Madhya Pradesh'),(809,'Nainpur','Madhya Pradesh'),(810,'Narsinghgarh','Madhya Pradesh'),(811,'Narsinghgarh','Madhya Pradesh'),(812,'Neemuch','Madhya Pradesh'),(813,'Nepanagar','Madhya Pradesh'),(814,'Niwari','Madhya Pradesh'),(815,'Nowgong','Madhya Pradesh'),(816,'Nowrozabad','Madhya Pradesh'),(817,'Pachore','Madhya Pradesh'),(818,'Pali','Madhya Pradesh'),(819,'Panagar','Madhya Pradesh'),(820,'Pandhurna','Madhya Pradesh'),(821,'Panna','Madhya Pradesh'),(822,'Pasan','Madhya Pradesh'),(823,'Pipariya','Madhya Pradesh'),(824,'Pithampur','Madhya Pradesh'),(825,'Porsa','Madhya Pradesh'),(826,'Prithvipur','Madhya Pradesh'),(827,'Raghogarh-Vijaypur','Madhya Pradesh'),(828,'Rahatgarh','Madhya Pradesh'),(829,'Raisen','Madhya Pradesh'),(830,'Rajgarh','Madhya Pradesh'),(831,'Ratlam','Madhya Pradesh'),(832,'Rau','Madhya Pradesh'),(833,'Rehli','Madhya Pradesh'),(834,'Rewa','Madhya Pradesh'),(835,'Sabalgarh','Madhya Pradesh'),(836,'Sagar','Madhya Pradesh'),(837,'Sanawad','Madhya Pradesh'),(838,'Sarangpur','Madhya Pradesh'),(839,'Sarni','Madhya Pradesh'),(840,'Satna','Madhya Pradesh'),(841,'Sausar','Madhya Pradesh'),(842,'Sehore','Madhya Pradesh'),(843,'Sendhwa','Madhya Pradesh'),(844,'Seoni','Madhya Pradesh'),(845,'Seoni-Malwa','Madhya Pradesh'),(846,'Shahdol','Madhya Pradesh'),(847,'Shajapur','Madhya Pradesh'),(848,'Shamgarh','Madhya Pradesh'),(849,'Sheopur','Madhya Pradesh'),(850,'Shivpuri','Madhya Pradesh'),(851,'Shujalpur','Madhya Pradesh'),(852,'Sidhi','Madhya Pradesh'),(853,'Sihora','Madhya Pradesh'),(854,'Singrauli','Madhya Pradesh'),(855,'Sironj','Madhya Pradesh'),(856,'Sohagpur','Madhya Pradesh'),(857,'Tarana','Madhya Pradesh'),(858,'Tikamgarh','Madhya Pradesh'),(859,'Ujhani','Madhya Pradesh'),(860,'Ujjain','Madhya Pradesh'),(861,'Umaria','Madhya Pradesh'),(862,'Vidisha','Madhya Pradesh'),(863,'Wara Seoni','Madhya Pradesh'),(864,'Achalpur','Maharashtra'),(865,'Ahmednagar','Maharashtra'),(866,'Ahmedpur','Maharashtra'),(867,'Ajra','Maharashtra'),(868,'Akkalkot','Maharashtra'),(869,'Akola','Maharashtra'),(870,'Akot','Maharashtra'),(871,'Alandi','Maharashtra'),(872,'Alibag','Maharashtra'),(873,'Amalner','Maharashtra'),(874,'Ambad','Maharashtra'),(875,'Ambejogai','Maharashtra'),(876,'Ambivali Tarf Wankhal','Maharashtra'),(877,'Amravati','Maharashtra'),(878,'Anjangaon','Maharashtra'),(879,'Arvi','Maharashtra'),(880,'Ashta','Maharashtra'),(881,'Aurangabad','Maharashtra'),(882,'Ausa','Maharashtra'),(883,'Baramati','Maharashtra'),(884,'Bhandara','Maharashtra'),(885,'Bhiwandi','Maharashtra'),(886,'Bhusawal','Maharashtra'),(887,'Chalisgaon','Maharashtra'),(888,'Chandrapur','Maharashtra'),(889,'Chinchani','Maharashtra'),(890,'Chiplun','Maharashtra'),(891,'Daund','Maharashtra'),(892,'Devgarh','Maharashtra'),(893,'Dhule','Maharashtra'),(894,'Dombivli','Maharashtra'),(895,'Durgapur','Maharashtra'),(896,'Gadchiroli','Maharashtra'),(897,'Ghatanji','Maharashtra'),(898,'Gondiya','Maharashtra'),(899,'Ichalkaranji','Maharashtra'),(900,'Jalna','Maharashtra'),(901,'Jalgaon','Maharashtra'),(902,'Junnar','Maharashtra'),(903,'Kalyan','Maharashtra'),(904,'Kamthi','Maharashtra'),(905,'Karad','Maharashtra'),(906,'Karjat','Maharashtra'),(907,'Kolhapur','Maharashtra'),(908,'Latur','Maharashtra'),(909,'Loha','Maharashtra'),(910,'Lonar','Maharashtra'),(911,'Lonavla','Maharashtra'),(912,'Mahabaleswar','Maharashtra'),(913,'Mahad','Maharashtra'),(914,'Mahuli','Maharashtra'),(915,'Malegaon','Maharashtra'),(916,'Malkapur','Maharashtra'),(917,'Manchar','Maharashtra'),(918,'Mangalvedhe','Maharashtra'),(919,'Mangrulpir','Maharashtra'),(920,'Manjlegaon','Maharashtra'),(921,'Manmad','Maharashtra'),(922,'Manwath','Maharashtra'),(923,'Mehkar','Maharashtra'),(924,'Mhaswad','Maharashtra'),(925,'Mira-Bhayandar','Maharashtra'),(926,'Miraj','Maharashtra'),(927,'Morshi','Maharashtra'),(928,'Mukhed','Maharashtra'),(929,'Mul','Maharashtra'),(930,'Mumbai','Maharashtra'),(931,'Murtijapur','Maharashtra'),(932,'Nagpur','Maharashtra'),(933,'Nalasopara','Maharashtra'),(934,'Nanded-Waghala','Maharashtra'),(935,'Nandgaon','Maharashtra'),(936,'Nandura','Maharashtra'),(937,'Nandurbar','Maharashtra'),(938,'Narkhed','Maharashtra'),(939,'Nashik','Maharashtra'),(940,'Navi Mumbai','Maharashtra'),(941,'Nawapur','Maharashtra'),(942,'Nilanga','Maharashtra'),(943,'Osmanabad','Maharashtra'),(944,'Ozar','Maharashtra'),(945,'Pachora','Maharashtra'),(946,'Paithan','Maharashtra'),(947,'Palghar','Maharashtra'),(948,'Pandharkaoda','Maharashtra'),(949,'Pandharpur','Maharashtra'),(950,'Panvel','Maharashtra'),(951,'Parbhani','Maharashtra'),(952,'Parli','Maharashtra'),(953,'Parola','Maharashtra'),(954,'Partur','Maharashtra'),(955,'Pathardi','Maharashtra'),(956,'Pathri','Maharashtra'),(957,'Patur','Maharashtra'),(958,'Pauni','Maharashtra'),(959,'Pen','Maharashtra'),(960,'Phaltan','Maharashtra'),(961,'Pulgaon','Maharashtra'),(962,'Pune','Maharashtra'),(963,'Purna','Maharashtra'),(964,'Pusad','Maharashtra'),(965,'Raichuri','Maharashtra'),(966,'Rajura','Maharashtra'),(967,'Ramtek','Maharashtra'),(968,'Ratnagiri','Maharashtra'),(969,'Raver','Maharashtra'),(970,'Risod','Maharashtra'),(971,'Sailu','Maharashtra'),(972,'Sangamner','Maharashtra'),(973,'Sangli','Maharashtra'),(974,'Sangole','Maharashtra'),(975,'Sasvad','Maharashtra'),(976,'Satana','Maharashtra'),(977,'Satara','Maharashtra'),(978,'Savner','Maharashtra'),(979,'Sawantwadi','Maharashtra'),(980,'Shahade','Maharashtra'),(981,'Shegaon','Maharashtra'),(982,'Shendurjana','Maharashtra'),(983,'Shirdi','Maharashtra'),(984,'Shirpur-Warwade','Maharashtra'),(985,'Shirur','Maharashtra'),(986,'Shrigonda','Maharashtra'),(987,'Shrirampur','Maharashtra'),(988,'Sillod','Maharashtra'),(989,'Sinnar','Maharashtra'),(990,'Solapur','Maharashtra'),(991,'Soyagaon','Maharashtra'),(992,'Talegaon Dabhade','Maharashtra'),(993,'Talode','Maharashtra'),(994,'Tasgaon','Maharashtra'),(995,'Thane','Maharashtra'),(996,'Tirora','Maharashtra'),(997,'Tuljapur','Maharashtra'),(998,'Tumsar','Maharashtra'),(999,'Uchgaon','Maharashtra'),(1000,'Udgir','Maharashtra'),(1001,'Umarga','Maharashtra'),(1002,'Umarkhed','Maharashtra'),(1003,'Umred','Maharashtra'),(1004,'Uran','Maharashtra'),(1005,'Uran Islampur','Maharashtra'),(1006,'Vadgaon Kasba','Maharashtra'),(1007,'Vaijapur','Maharashtra'),(1008,'Vasai','Maharashtra'),(1009,'Virar','Maharashtra'),(1010,'Vita','Maharashtra'),(1011,'Wadgaon Road','Maharashtra'),(1012,'Wai','Maharashtra'),(1013,'Wani','Maharashtra'),(1014,'Wardha','Maharashtra'),(1015,'Warora','Maharashtra'),(1016,'Warud','Maharashtra'),(1017,'Washim','Maharashtra'),(1018,'Yavatmal','Maharashtra'),(1019,'Yawal','Maharashtra'),(1020,'Yevla','Maharashtra'),(1021,'Imphal','Manipur'),(1022,'Kakching','Manipur'),(1023,'Lilong','Manipur'),(1024,'Mayang Imphal','Manipur'),(1025,'Thoubal','Manipur'),(1026,'Jowai','Meghalaya'),(1027,'Nongstoin','Meghalaya'),(1028,'Shillong','Meghalaya'),(1029,'Tura','Meghalaya'),(1030,'Aizawl','Mizoram'),(1031,'Champhai','Mizoram'),(1032,'Lunglei','Mizoram'),(1033,'Saiha','Mizoram'),(1034,'Dimapur','Nagaland'),(1035,'Kohima','Nagaland'),(1036,'Mokokchung','Nagaland'),(1037,'Tuensang','Nagaland'),(1038,'Wokha','Nagaland'),(1039,'Zunheboto','Nagaland'),(1040,'Indirapuram','National Capital Region (India)'),(1041,'Anandapur','Odisha'),(1042,'Anugul','Odisha'),(1043,'Asika','Odisha'),(1044,'Balangir','Odisha'),(1045,'Balasore','Odisha'),(1046,'Baleshwar','Odisha'),(1047,'Bamra','Odisha'),(1048,'Barbil','Odisha'),(1049,'Bargarh','Odisha'),(1050,'Baripada','Odisha'),(1051,'Basudebpur','Odisha'),(1052,'Belpahar','Odisha'),(1053,'Bhadrak','Odisha'),(1054,'Bhawanipatna','Odisha'),(1055,'Bhuban','Odisha'),(1056,'Bhubaneswar','Odisha'),(1057,'Biramitrapur','Odisha'),(1058,'Brahmapur','Odisha'),(1059,'Brajrajnagar','Odisha'),(1060,'Burla','Odisha'),(1061,'Byasanagar','Odisha'),(1062,'Cuttack','Odisha'),(1063,'Ganjam','Odisha'),(1064,'Gunupur','Odisha'),(1065,'Hinjilicut','Odisha'),(1066,'Jagatsinghapur','Odisha'),(1067,'Jajapur','Odisha'),(1068,'Jaleswar','Odisha'),(1069,'Jatani','Odisha'),(1070,'Jeypur','Odisha'),(1071,'Jharsuguda','Odisha'),(1072,'Joda','Odisha'),(1073,'Kantabanji','Odisha'),(1074,'Karanjia','Odisha'),(1075,'Kendrapara','Odisha'),(1076,'Kendujhar','Odisha'),(1077,'Khordha','Odisha'),(1078,'Koraput','Odisha'),(1079,'Kuchinda','Odisha'),(1080,'Madhyamgram','Odisha'),(1081,'Malkangiri','Odisha'),(1082,'Nabarangapur','Odisha'),(1083,'Paradip','Odisha'),(1084,'Parlakhemundi','Odisha'),(1085,'Pattamundai','Odisha'),(1086,'Phulabani','Odisha'),(1087,'Puri','Odisha'),(1088,'Rairangpur','Odisha'),(1089,'Rajagangapur','Odisha'),(1090,'Raurkela','Odisha'),(1091,'Rayagada','Odisha'),(1092,'Sambalpur','Odisha'),(1093,'Soro','Odisha'),(1094,'Sunabeda','Odisha'),(1095,'Sundargarh','Odisha'),(1096,'Talcher','Odisha'),(1097,'Tarbha','Odisha'),(1098,'Titlagarh','Odisha'),(1099,'Umarkote','Odisha'),(1100,'Debagarh','Orissa'),(1101,'Dhenkanal','Orissa'),(1102,'Karaikal','Puducherry'),(1103,'Mahe','Puducherry'),(1104,'Pondicherry','Puducherry'),(1105,'Yanam','Puducherry'),(1106,'Ahmedgarh','Punjab'),(1107,'Amritsar','Punjab'),(1108,'Barnala','Punjab'),(1109,'Batala','Punjab'),(1110,'Bathinda','Punjab'),(1111,'Bhagha Purana','Punjab'),(1112,'Budhlada','Punjab'),(1113,'Dasua','Punjab'),(1114,'Dhuri','Punjab'),(1115,'Dinanagar','Punjab'),(1116,'Faridkot','Punjab'),(1117,'Fazilka','Punjab'),(1118,'Firozpur','Punjab'),(1119,'Firozpur Cantt.','Punjab'),(1120,'Giddarbaha','Punjab'),(1121,'Gobindgarh','Punjab'),(1122,'Gurdaspur','Punjab'),(1123,'Hoshiarpur','Punjab'),(1124,'Jagraon','Punjab'),(1125,'Jaitu','Punjab'),(1126,'Jalalabad','Punjab'),(1127,'Jalandhar Cantt.','Punjab'),(1128,'Jalandhar','Punjab'),(1129,'Jandiala','Punjab'),(1130,'Kapurthala','Punjab'),(1131,'Karoran','Punjab'),(1132,'Kartarpur','Punjab'),(1133,'Khanna','Punjab'),(1134,'Kharar','Punjab'),(1135,'Kot Kapura','Punjab'),(1136,'Kurali','Punjab'),(1137,'Kamahi Devi','Punjab'),(1138,'Longowal','Punjab'),(1139,'Ludhiana','Punjab'),(1140,'Malerkotla','Punjab'),(1141,'Malout','Punjab'),(1142,'Mansa','Punjab'),(1143,'Maur','Punjab'),(1144,'Moga','Punjab'),(1145,'Mohali','Punjab'),(1146,'Morinda','Punjab'),(1147,'Mukatsar','Punjab'),(1148,'Mukerian','Punjab'),(1149,'Muktsar','Punjab'),(1150,'Nabha','Punjab'),(1151,'Nakodar','Punjab'),(1152,'Nangal','Punjab'),(1153,'Nawanshahr','Punjab'),(1154,'Pathankot','Punjab'),(1155,'Patiala','Punjab'),(1156,'Patran','Punjab'),(1157,'Patti','Punjab'),(1158,'Phagwara','Punjab'),(1159,'Phillaur','Punjab'),(1160,'Qadian','Punjab'),(1161,'Raikot','Punjab'),(1162,'Rajpura','Punjab'),(1163,'Rampura Phul','Punjab'),(1164,'Rupnagar','Punjab'),(1165,'Samana','Punjab'),(1166,'Sangrur','Punjab'),(1167,'Sirhind Fatehgarh Sahib','Punjab'),(1168,'Sujanpur','Punjab'),(1169,'Sunam','Punjab'),(1170,'Talwara','Punjab'),(1171,'Tarn Taran','Punjab'),(1172,'Urmar Tanda','Punjab'),(1173,'Zira','Punjab'),(1174,'Zirakpur','Punjab'),(1175,'Ajmer','Rajasthan'),(1176,'Alwar','Rajasthan'),(1177,'Bhiwadi','Rajasthan'),(1178,'Bali','Rajasthan'),(1179,'Bandikui','Rajasthan'),(1180,'Banswara','Rajasthan'),(1181,'Baran','Rajasthan'),(1182,'Barmer','Rajasthan'),(1183,'Beawar','Rajasthan'),(1184,'Bharatpur','Rajasthan'),(1185,'Bhilwara','Rajasthan'),(1186,'Bhinmal','Rajasthan'),(1187,'Bikaner','Rajasthan'),(1188,'Bilara','Rajasthan'),(1189,'Churu','Rajasthan'),(1190,'Devgarh','Rajasthan'),(1191,'Falna','Rajasthan'),(1192,'Fatehpur','Rajasthan'),(1193,'Hanumangarh','Rajasthan'),(1194,'Harsawa','Rajasthan'),(1195,'Jaipur','Rajasthan'),(1196,'Jaisalmer','Rajasthan'),(1197,'Jaitaran','Rajasthan'),(1198,'Jalore','Rajasthan'),(1199,'Jhalawar','Rajasthan'),(1200,'Jhunjhunu','Rajasthan'),(1201,'Jodhpur','Rajasthan'),(1202,'Kota','Rajasthan'),(1203,'Lachhmangarh','Rajasthan'),(1204,'Ladnu','Rajasthan'),(1205,'Lakheri','Rajasthan'),(1206,'Lalsot','Rajasthan'),(1207,'Losal','Rajasthan'),(1208,'Mahwa','Rajasthan'),(1209,'Makrana','Rajasthan'),(1210,'Malpura','Rajasthan'),(1211,'Mandalgarh','Rajasthan'),(1212,'Mandawa','Rajasthan'),(1213,'Mangrol','Rajasthan'),(1214,'Merta City','Rajasthan'),(1215,'Mount Abu','Rajasthan'),(1216,'Meethari Marwar','Rajasthan'),(1217,'Nadbai','Rajasthan'),(1218,'Nagar','Rajasthan'),(1219,'Nagaur','Rajasthan'),(1220,'Nargund','Rajasthan'),(1221,'Nasirabad','Rajasthan'),(1222,'Nathdwara','Rajasthan'),(1223,'Navalgund','Rajasthan'),(1224,'Nawalgarh','Rajasthan'),(1225,'Neem-Ka-Thana','Rajasthan'),(1226,'Nelamangala','Rajasthan'),(1227,'Nimbahera','Rajasthan'),(1228,'Niwai','Rajasthan'),(1229,'Nohar','Rajasthan'),(1230,'Nokha','Rajasthan'),(1231,'Pali','Rajasthan'),(1232,'Phalodi','Rajasthan'),(1233,'Phulera','Rajasthan'),(1234,'Pilani','Rajasthan'),(1235,'Pilibanga','Rajasthan'),(1236,'Pindwara','Rajasthan'),(1237,'Pipar City','Rajasthan'),(1238,'Prantij','Rajasthan'),(1239,'Pratapgarh','Rajasthan'),(1240,'Raisinghnagar','Rajasthan'),(1241,'Rajakhera','Rajasthan'),(1242,'Rajaldesar','Rajasthan'),(1243,'Rajgarh (Alwar)','Rajasthan'),(1244,'Rajgarh (Churu)','Rajasthan'),(1245,'Rajsamand','Rajasthan'),(1246,'Ramganj Mandi','Rajasthan'),(1247,'Ramngarh','Rajasthan'),(1248,'Ratangarh','Rajasthan'),(1249,'Rawatbhata','Rajasthan'),(1250,'Rawatsar','Rajasthan'),(1251,'Reengus','Rajasthan'),(1252,'Sadri','Rajasthan'),(1253,'Sadulshahar','Rajasthan'),(1254,'Sadulpur','Rajasthan'),(1255,'Sagwara','Rajasthan'),(1256,'Sambhar','Rajasthan'),(1257,'Sanchore','Rajasthan'),(1258,'Sangaria','Rajasthan'),(1259,'Sardarshahar','Rajasthan'),(1260,'Sawai Madhopur','Rajasthan'),(1261,'Shahpura','Rajasthan'),(1262,'Shahpura','Rajasthan'),(1263,'Sheoganj','Rajasthan'),(1264,'Sikar','Rajasthan'),(1265,'Sirohi','Rajasthan'),(1266,'Sojat','Rajasthan'),(1267,'Sri Madhopur','Rajasthan'),(1268,'Sujangarh','Rajasthan'),(1269,'Sumerpur','Rajasthan'),(1270,'Suratgarh','Rajasthan'),(1271,'Taranagar','Rajasthan'),(1272,'Todabhim','Rajasthan'),(1273,'Todaraisingh','Rajasthan'),(1274,'Tonk','Rajasthan'),(1275,'Udaipur','Rajasthan'),(1276,'Udaipurwati','Rajasthan'),(1277,'Vijainagar','Rajasthan'),(1278,'Gangtok','Sikkim'),(1279,'Arakkonam','Tamil Nadu'),(1280,'Arcot','Tamil Nadu'),(1281,'Ariyalur','Tamil Nadu'),(1282,'Aruppukkottai','Tamil Nadu'),(1283,'Bhavani','Tamil Nadu'),(1284,'Chengalpattu','Tamil Nadu'),(1285,'Chennai','Tamil Nadu'),(1286,'Chinna salem','Tamil Nadu'),(1287,'Coimbatore','Tamil Nadu'),(1288,'Coonoor','Tamil Nadu'),(1289,'Cuddalore','Tamil Nadu'),(1290,'Dharmapuri','Tamil Nadu'),(1291,'Dindigul','Tamil Nadu'),(1292,'Erode','Tamil Nadu'),(1293,'Gingee','Tamil Nadu'),(1294,'Gobichettipalayam','Tamil Nadu'),(1295,'Gudalur','Tamil Nadu'),(1296,'Gudalur','Tamil Nadu'),(1297,'Gudalur','Tamil Nadu'),(1298,'Harur','Tamil Nadu'),(1299,'Jayankondam','Tamil Nadu'),(1300,'Kanchipuram','Tamil Nadu'),(1301,'Karaikudi','Tamil Nadu'),(1302,'Karur','Tamil Nadu'),(1303,'Karungal','Tamil Nadu'),(1304,'Kollankodu','Tamil Nadu'),(1305,'Lalgudi','Tamil Nadu'),(1306,'Madurai','Tamil Nadu'),(1307,'Nagapattinam','Tamil Nadu'),(1308,'Nagercoil','Tamil Nadu'),(1309,'Namagiripettai','Tamil Nadu'),(1310,'Namakkal','Tamil Nadu'),(1311,'Nandivaram-Guduvancheri','Tamil Nadu'),(1312,'Nanjikottai','Tamil Nadu'),(1313,'Natham','Tamil Nadu'),(1314,'Nellikuppam','Tamil Nadu'),(1315,'Neyveli','Tamil Nadu'),(1316,'Valley','Tamil Nadu'),(1317,'Oddanchatram','Tamil Nadu'),(1318,'P.N.Patti','Tamil Nadu'),(1319,'Pacode','Tamil Nadu'),(1320,'Padmanabhapuram','Tamil Nadu'),(1321,'Palani','Tamil Nadu'),(1322,'Palladam','Tamil Nadu'),(1323,'Pallapatti','Tamil Nadu'),(1324,'Pallikonda','Tamil Nadu'),(1325,'Panagudi','Tamil Nadu'),(1326,'Panruti','Tamil Nadu'),(1327,'Paramakudi','Tamil Nadu'),(1328,'Parangipettai','Tamil Nadu'),(1329,'Pattukkottai','Tamil Nadu'),(1330,'Perambalur','Tamil Nadu'),(1331,'Peravurani','Tamil Nadu'),(1332,'Periyakulam','Tamil Nadu'),(1333,'Periyasemur','Tamil Nadu'),(1334,'Pernampattu','Tamil Nadu'),(1335,'Pollachi','Tamil Nadu'),(1336,'Polur','Tamil Nadu'),(1337,'Ponneri','Tamil Nadu'),(1338,'Pudukkottai','Tamil Nadu'),(1339,'Pudupattinam','Tamil Nadu'),(1340,'Puliyankudi','Tamil Nadu'),(1341,'Punjaipugalur','Tamil Nadu'),(1342,'Ranipet','Tamil Nadu'),(1343,'Rajapalayam','Tamil Nadu'),(1344,'Ramanathapuram','Tamil Nadu'),(1345,'Rameshwaram','Tamil Nadu'),(1346,'Rasipuram','Tamil Nadu'),(1347,'Salem','Tamil Nadu'),(1348,'Sankarankoil','Tamil Nadu'),(1349,'Sankari','Tamil Nadu'),(1350,'Sathyamangalam','Tamil Nadu'),(1351,'Sattur','Tamil Nadu'),(1352,'Shenkottai','Tamil Nadu'),(1353,'Sholavandan','Tamil Nadu'),(1354,'Sholingur','Tamil Nadu'),(1355,'Sirkali','Tamil Nadu'),(1356,'Sivaganga','Tamil Nadu'),(1357,'Sivagiri','Tamil Nadu'),(1358,'Sivakasi','Tamil Nadu'),(1359,'Srivilliputhur','Tamil Nadu'),(1360,'Surandai','Tamil Nadu'),(1361,'Suriyampalayam','Tamil Nadu'),(1362,'Tenkasi','Tamil Nadu'),(1363,'Thammampatti','Tamil Nadu'),(1364,'Thanjavur','Tamil Nadu'),(1365,'Tharamangalam','Tamil Nadu'),(1366,'Tharangambadi','Tamil Nadu'),(1367,'Theni Allinagaram','Tamil Nadu'),(1368,'Thirumangalam','Tamil Nadu'),(1369,'Thirunindravur','Tamil Nadu'),(1370,'Thiruparappu','Tamil Nadu'),(1371,'Thirupuvanam','Tamil Nadu'),(1372,'Thiruthuraipoondi','Tamil Nadu'),(1373,'Thiruvallur','Tamil Nadu'),(1374,'Thiruvarur','Tamil Nadu'),(1375,'Thoothukudi','Tamil Nadu'),(1376,'Thuraiyur','Tamil Nadu'),(1377,'Tindivanam','Tamil Nadu'),(1378,'Tiruchendur','Tamil Nadu'),(1379,'Tiruchengode','Tamil Nadu'),(1380,'Tiruchirappalli','Tamil Nadu'),(1381,'Tirukalukundram','Tamil Nadu'),(1382,'Tirukkoyilur','Tamil Nadu'),(1383,'Tirunelveli','Tamil Nadu'),(1384,'Tirupathur','Tamil Nadu'),(1385,'Tirupathur','Tamil Nadu'),(1386,'Tiruppur','Tamil Nadu'),(1387,'Tiruttani','Tamil Nadu'),(1388,'Tiruvannamalai','Tamil Nadu'),(1389,'Tiruvethipuram','Tamil Nadu'),(1390,'Tittakudi','Tamil Nadu'),(1391,'Udhagamandalam','Tamil Nadu'),(1392,'Udumalaipettai','Tamil Nadu'),(1393,'Unnamalaikadai','Tamil Nadu'),(1394,'Usilampatti','Tamil Nadu'),(1395,'Uthamapalayam','Tamil Nadu'),(1396,'Uthiramerur','Tamil Nadu'),(1397,'Vadakkuvalliyur','Tamil Nadu'),(1398,'Vadalur','Tamil Nadu'),(1399,'Vadipatti','Tamil Nadu'),(1400,'Valparai','Tamil Nadu'),(1401,'Vandavasi','Tamil Nadu'),(1402,'Vaniyambadi','Tamil Nadu'),(1403,'Vedaranyam','Tamil Nadu'),(1404,'Vellakoil','Tamil Nadu'),(1405,'Vellore','Tamil Nadu'),(1406,'Vikramasingapuram','Tamil Nadu'),(1407,'Viluppuram','Tamil Nadu'),(1408,'Virudhachalam','Tamil Nadu'),(1409,'Virudhunagar','Tamil Nadu'),(1410,'Viswanatham','Tamil Nadu'),(1411,'Agartala','Tripura'),(1412,'Badharghat','Tripura'),(1413,'Dharmanagar','Tripura'),(1414,'Indranagar','Tripura'),(1415,'Jogendranagar','Tripura'),(1416,'Kailasahar','Tripura'),(1417,'Khowai','Tripura'),(1418,'Pratapgarh','Tripura'),(1419,'Udaipur','Tripura'),(1420,'Achhnera','Uttar Pradesh'),(1421,'Adari','Uttar Pradesh'),(1422,'Agra','Uttar Pradesh'),(1423,'Akbarpur','Uttar Pradesh'),(1424,'Aligarh','Uttar Pradesh'),(1425,'Allahabad','Uttar Pradesh'),(1426,'Amroha','Uttar Pradesh'),(1427,'Azamgarh','Uttar Pradesh'),(1428,'Azmatgarh','Uttar Pradesh'),(1429,'Badaun','Uttar Pradesh'),(1430,'Bahraich','Uttar Pradesh'),(1431,'Ballia','Uttar Pradesh'),(1432,'Balrampur','Uttar Pradesh'),(1433,'Bandar','Uttar Pradesh'),(1434,'Bareilly','Uttar Pradesh'),(1435,'Bharthana','Uttar Pradesh'),(1436,'Bijnor','Uttar Pradesh'),(1437,'Budaun','Uttar Pradesh'),(1438,'Bulandshahr','Uttar Pradesh'),(1439,'Chakeri','Uttar Pradesh'),(1440,'Chandauli','Uttar Pradesh'),(1441,'Chandausi','Uttar Pradesh'),(1442,'Charkhari','Uttar Pradesh'),(1443,'Dadri','Uttar Pradesh'),(1444,'Deoria','Uttar Pradesh'),(1445,'Dhampur','Uttar Pradesh'),(1446,'Etah','Uttar Pradesh'),(1447,'Etawah','Uttar Pradesh'),(1448,'Faizabad','Uttar Pradesh'),(1449,'Farrukhabad','Uttar Pradesh'),(1450,'Fatehabad','Uttar Pradesh'),(1451,'Fatehgarh','Uttar Pradesh'),(1452,'Fatehpur Chaurasi','Uttar Pradesh'),(1453,'Fatehpur Sikri','Uttar Pradesh'),(1454,'Fatehpur','Uttar Pradesh'),(1455,'Fatehpur','Uttar Pradesh'),(1456,'Firozabad','Uttar Pradesh'),(1457,'Ghatampur','Uttar Pradesh'),(1458,'Ghaziabad','Uttar Pradesh'),(1459,'Ghazipur','Uttar Pradesh'),(1460,'Gorakhpur','Uttar Pradesh'),(1461,'Greater Noida','Uttar Pradesh'),(1462,'Hamirpur','Uttar Pradesh'),(1463,'Hapur','Uttar Pradesh'),(1464,'Hardoi','Uttar Pradesh'),(1465,'Hastinapur','Uttar Pradesh'),(1466,'Hathras','Uttar Pradesh'),(1467,'Jais','Uttar Pradesh'),(1468,'Jajmau','Uttar Pradesh'),(1469,'Jaunpur','Uttar Pradesh'),(1470,'Jhansi','Uttar Pradesh'),(1471,'Kalpi','Uttar Pradesh'),(1472,'Kanpur','Uttar Pradesh'),(1473,'Khalilabad','Uttar Pradesh'),(1474,'Kheri','Uttar Pradesh'),(1475,'Kota','Uttar Pradesh'),(1476,'Kulpahar','Uttar Pradesh'),(1477,'Laharpur','Uttar Pradesh'),(1478,'Lakhimpur','Uttar Pradesh'),(1479,'Lal Gopalganj Nindaura','Uttar Pradesh'),(1480,'Lalitpur','Uttar Pradesh'),(1481,'Lalganj','Uttar Pradesh'),(1482,'Lar','Uttar Pradesh'),(1483,'Loni','Uttar Pradesh'),(1484,'Lucknow','Uttar Pradesh'),(1485,'Mahoba','Uttar Pradesh'),(1486,'Mathura','Uttar Pradesh'),(1487,'Meerut','Uttar Pradesh'),(1488,'Mirzapur','Uttar Pradesh'),(1489,'Modinagar','Uttar Pradesh'),(1490,'Moradabad','Uttar Pradesh'),(1491,'Muradnagar','Uttar Pradesh'),(1492,'Muzaffarnagar','Uttar Pradesh'),(1493,'Nagina','Uttar Pradesh'),(1494,'Najibabad','Uttar Pradesh'),(1495,'Nakur','Uttar Pradesh'),(1496,'Nanpara','Uttar Pradesh'),(1497,'Naraura','Uttar Pradesh'),(1498,'Naugawan Sadat','Uttar Pradesh'),(1499,'Nautanwa','Uttar Pradesh'),(1500,'Nawabganj','Uttar Pradesh'),(1501,'Nehtaur','Uttar Pradesh'),(1502,'Noida','Uttar Pradesh'),(1503,'Noorpur','Uttar Pradesh'),(1504,'Obra','Uttar Pradesh'),(1505,'Orai','Uttar Pradesh'),(1506,'Padrauna','Uttar Pradesh'),(1507,'Palia Kalan','Uttar Pradesh'),(1508,'Parasi','Uttar Pradesh'),(1509,'Phulpur','Uttar Pradesh'),(1510,'Pihani','Uttar Pradesh'),(1511,'Pilibhit','Uttar Pradesh'),(1512,'Pilkhuwa','Uttar Pradesh'),(1513,'Powayan','Uttar Pradesh'),(1514,'Pukhrayan','Uttar Pradesh'),(1515,'Puranpur','Uttar Pradesh'),(1516,'Purquazi','Uttar Pradesh'),(1517,'Purwa','Uttar Pradesh'),(1518,'Rae Bareli','Uttar Pradesh'),(1519,'Rampur','Uttar Pradesh'),(1520,'Rampur Maniharan','Uttar Pradesh'),(1521,'Rampur Maniharan','Uttar Pradesh'),(1522,'Rasra','Uttar Pradesh'),(1523,'Rath','Uttar Pradesh'),(1524,'Renukoot','Uttar Pradesh'),(1525,'Reoti','Uttar Pradesh'),(1526,'Robertsganj','Uttar Pradesh'),(1527,'Rudauli','Uttar Pradesh'),(1528,'Rudrapur','Uttar Pradesh'),(1529,'Sadabad','Uttar Pradesh'),(1530,'Safipur','Uttar Pradesh'),(1531,'Saharanpur','Uttar Pradesh'),(1532,'Sahaspur','Uttar Pradesh'),(1533,'Sahaswan','Uttar Pradesh'),(1534,'Sahawar','Uttar Pradesh'),(1535,'Sahjanwa','Uttar Pradesh'),(1536,'Saidpur','Uttar Pradesh'),(1537,'Sambhal','Uttar Pradesh'),(1538,'Samdhan','Uttar Pradesh'),(1539,'Samthar','Uttar Pradesh'),(1540,'Sandi','Uttar Pradesh'),(1541,'Sandila','Uttar Pradesh'),(1542,'Sardhana','Uttar Pradesh'),(1543,'Seohara','Uttar Pradesh'),(1544,'Shahabad, Hardoi','Uttar Pradesh'),(1545,'Shahabad, Rampur','Uttar Pradesh'),(1546,'Shahganj','Uttar Pradesh'),(1547,'Shahjahanpur','Uttar Pradesh'),(1548,'Shamli','Uttar Pradesh'),(1549,'Shamsabad, Agra','Uttar Pradesh'),(1550,'Shamsabad, Farrukhabad','Uttar Pradesh'),(1551,'Sherkot','Uttar Pradesh'),(1552,'Shikarpur, Bulandshahr','Uttar Pradesh'),(1553,'Shikohabad','Uttar Pradesh'),(1554,'Shishgarh','Uttar Pradesh'),(1555,'Siana','Uttar Pradesh'),(1556,'Sikanderpur','Uttar Pradesh'),(1557,'Sikandra Rao','Uttar Pradesh'),(1558,'Sikandrabad','Uttar Pradesh'),(1559,'Sirsaganj','Uttar Pradesh'),(1560,'Sirsi','Uttar Pradesh'),(1561,'Sitapur','Uttar Pradesh'),(1562,'Soron','Uttar Pradesh'),(1563,'Suar','Uttar Pradesh'),(1564,'Sultanpur','Uttar Pradesh'),(1565,'Sumerpur','Uttar Pradesh'),(1566,'Tanda','Uttar Pradesh'),(1567,'Tanda','Uttar Pradesh'),(1568,'Tetri Bazar','Uttar Pradesh'),(1569,'Thakurdwara','Uttar Pradesh'),(1570,'Thana Bhawan','Uttar Pradesh'),(1571,'Tilhar','Uttar Pradesh'),(1572,'Tirwaganj','Uttar Pradesh'),(1573,'Tulsipur','Uttar Pradesh'),(1574,'Tundla','Uttar Pradesh'),(1575,'Unnao','Uttar Pradesh'),(1576,'Utraula','Uttar Pradesh'),(1577,'Varanasi','Uttar Pradesh'),(1578,'Vrindavan','Uttar Pradesh'),(1579,'Warhapur','Uttar Pradesh'),(1580,'Zaid','Uttar Pradesh'),(1581,'Zamania','Uttar Pradesh'),(1582,'Almora','Uttarakhand'),(1583,'Bageshwar','Uttarakhand'),(1584,'Bazpur','Uttarakhand'),(1585,'Berinag','Uttarakhand'),(1586,'Chamba','Uttarakhand'),(1587,'Champawat','Uttarakhand'),(1588,'Chaukori','Uttarakhand'),(1589,'Dehradun','Uttarakhand'),(1590,'Haldwani','Uttarakhand'),(1591,'Haridwar','Uttarakhand'),(1592,'Jaspur','Uttarakhand'),(1593,'Kanda','Uttarakhand'),(1594,'Kashipur','Uttarakhand'),(1595,'kichha','Uttarakhand'),(1596,'Kotdwara','Uttarakhand'),(1597,'Manglaur','Uttarakhand'),(1598,'Mussoorie','Uttarakhand'),(1599,'Nagla','Uttarakhand'),(1600,'Nainital','Uttarakhand'),(1601,'Pauri','Uttarakhand'),(1602,'Pithoragarh','Uttarakhand'),(1603,'Ramnagar','Uttarakhand'),(1604,'Rishikesh','Uttarakhand'),(1605,'Roorkee','Uttarakhand'),(1606,'Rudrapur','Uttarakhand'),(1607,'Sitarganj','Uttarakhand'),(1608,'Tehri','Uttarakhand'),(1609,'Vijaypur','Uttarakhand'),(1610,'Adra','West Bengal'),(1611,'Alipurduar','West Bengal'),(1612,'Arambagh','West Bengal'),(1613,'Asansol','West Bengal'),(1614,'Baharampur','West Bengal'),(1615,'Bally','West Bengal'),(1616,'Balurghat','West Bengal'),(1617,'Bankura','West Bengal'),(1618,'Barakar','West Bengal'),(1619,'Barasat','West Bengal'),(1620,'Bardhaman','West Bengal'),(1621,'Barrackpur','West Bengal'),(1622,'Bidhan Nagar','West Bengal'),(1623,'Chinsura','West Bengal'),(1624,'Contai','West Bengal'),(1625,'Cooch Behar','West Bengal'),(1626,'Dalkhola','West Bengal'),(1627,'Darjeeling','West Bengal'),(1628,'Dhulian','West Bengal'),(1629,'Dumdum','West Bengal'),(1630,'Durgapur','West Bengal'),(1631,'English Bazar','West Bengal'),(1632,'Haldia','West Bengal'),(1633,'Howrah','West Bengal'),(1634,'Hugli-Chuchura','West Bengal'),(1635,'Islampur','West Bengal'),(1636,'Jalpaiguri','West Bengal'),(1637,'Jhargram','West Bengal'),(1638,'Jhalda','West Bengal'),(1639,'Kalimpong','West Bengal'),(1640,'Kharagpur','West Bengal'),(1641,'Kolkata','West Bengal'),(1642,'Konnagar','West Bengal'),(1643,'Krishnanagar','West Bengal'),(1644,'Kalyani','West Bengal'),(1645,'Mainaguri','West Bengal'),(1646,'Mal','West Bengal'),(1647,'Mathabhanga','West Bengal'),(1648,'Medinipur','West Bengal'),(1649,'Memari','West Bengal'),(1650,'Monoharpur','West Bengal'),(1651,'Murshidabad','West Bengal'),(1652,'Nabadwip','West Bengal'),(1653,'Naihati','West Bengal'),(1654,'Panchla','West Bengal'),(1655,'Pandua','West Bengal'),(1656,'Paschim Punropara','West Bengal'),(1657,'Purulia','West Bengal'),(1658,'Raghunathpur','West Bengal'),(1659,'Raghunathganj','West Bengal'),(1660,'Raiganj','West Bengal'),(1661,'Rampurhat','West Bengal'),(1662,'Ranaghat','West Bengal'),(1663,'Sainthia','West Bengal'),(1664,'Santipur','West Bengal'),(1665,'Siliguri','West Bengal'),(1666,'Sonamukhi','West Bengal'),(1667,'Srirampore','West Bengal'),(1668,'Suri','West Bengal'),(1669,'Taki','West Bengal'),(1670,'Tamluk','West Bengal'),(1671,'Tarakeswar','West Bengal');
/*!40000 ALTER TABLE `city` ENABLE KEYS */;
UNLOCK TABLES;

--
-- Table structure for table `details`
--

DROP TABLE IF EXISTS `details`;
/*!40101 SET @saved_cs_client     = @@character_set_client */;
/*!40101 SET character_set_client = utf8 */;
CREATE TABLE `details` (
  `username` varchar(75) NOT NULL DEFAULT '',
  `email` varchar(75) NOT NULL DEFAULT '',
  `firstname` varchar(30) NOT NULL DEFAULT '',
  `lastname` varchar(30) NOT NULL DEFAULT '',
  `bloodgroup` varchar(50) NOT NULL DEFAULT '',
  `gender` varchar(10) NOT NULL DEFAULT '',
  `day` int(10) unsigned NOT NULL DEFAULT '0',
  `month` int(10) unsigned NOT NULL DEFAULT '0',
  `year` int(10) unsigned NOT NULL DEFAULT '0',
  `state` varchar(50) NOT NULL DEFAULT '',
  `city` varchar(200) NOT NULL DEFAULT '',
  `mobile` varchar(10) NOT NULL DEFAULT '',
  `pic` varchar(200) NOT NULL DEFAULT '',
  PRIMARY KEY (`username`)
) ENGINE=InnoDB DEFAULT CHARSET=utf8;
/*!40101 SET character_set_client = @saved_cs_client */;

--
-- Dumping data for table `details`
--

LOCK TABLES `details` WRITE;
/*!40000 ALTER TABLE `details` DISABLE KEYS */;
INSERT INTO `details` VALUES ('check','a@ggma.com','ff','ddd','A+','Male',1,1,1996,'Gujarat','Deesa','1234567890','bandar.jpg'),('ddssukd','gdhfd@ghds.cks','gfhkdf','dfhjkdf','B-','Female',23,12,1982,'Himachal Pradesh','Nahan','1234567890',''),('dgjkkdfhkjfd','dsk@djs.com','fdhkffjk','jfhdkjhdfk','A1+','Female',2,2,1996,'Delhi','Asola','1234567890','dgjkkdfhkjfd.jpg'),('ghkgjhgjh','jjfd@hkj.ckd','hfdkdfk','djldskfkdf','A2B+','Male',13,4,1987,'Himachal Pradesh','Nahan','1234567890',''),('jfjjkdfhfdkkj','gshd@ksd.cdd','hdskjdsjfsjk','dhjfhjkdfhjk','B-','Female',12,12,1970,'Jammu and Kashmir','Kathua','1234567890',''),('jlkfdjlkd','hjdf@hjks.vdjd','hhdfbd','hdskhskf','O+','Female',13,3,1982,'Chhattisgarh','Bemetra','1234567890',''),('test','test@t.com','test','test','A+','Male',1,1,1996,'Arunachal Pradesh','Naharlagun','1234567890','check.jpg');
/*!40000 ALTER TABLE `details` ENABLE KEYS */;
UNLOCK TABLES;

--
-- Table structure for table `fbuser`
--

DROP TABLE IF EXISTS `fbuser`;
/*!40101 SET @saved_cs_client     = @@character_set_client */;
/*!40101 SET character_set_client = utf8 */;
CREATE TABLE `fbuser` (
  `username` varchar(50) NOT NULL,
  `firstname` varchar(20) NOT NULL,
  `lastname` varchar(20) NOT NULL,
  `gender` varchar(6) NOT NULL,
  `name` varchar(40) NOT NULL,
  PRIMARY KEY (`username`)
) ENGINE=InnoDB DEFAULT CHARSET=utf8;
/*!40101 SET character_set_client = @saved_cs_client */;

--
-- Dumping data for table `fbuser`
--

LOCK TABLES `fbuser` WRITE;
/*!40000 ALTER TABLE `fbuser` DISABLE KEYS */;
INSERT INTO `fbuser` VALUES ('devanshugupta91@gmail.com','Devanshu','Gupta','male','Devanshu Gupta');
/*!40000 ALTER TABLE `fbuser` ENABLE KEYS */;
UNLOCK TABLES;

--
-- Table structure for table `state`
--

DROP TABLE IF EXISTS `state`;
/*!40101 SET @saved_cs_client     = @@character_set_client */;
/*!40101 SET character_set_client = utf8 */;
CREATE TABLE `state` (
  `state_name` varchar(50) NOT NULL DEFAULT '',
  PRIMARY KEY (`state_name`)
) ENGINE=InnoDB DEFAULT CHARSET=latin1;
/*!40101 SET character_set_client = @saved_cs_client */;

--
-- Dumping data for table `state`
--

LOCK TABLES `state` WRITE;
/*!40000 ALTER TABLE `state` DISABLE KEYS */;
INSERT INTO `state` VALUES ('Andaman and Nicobar Islands'),('Andhra Pradesh'),('Arunachal Pradesh'),('Assam'),('Bihar'),('Chandigarh'),('Chhattisgarh'),('Dadra and Nagar Haveli'),('Daman and Diu'),('Delhi'),('Goa'),('Gujarat'),('Haryana'),('Himachal Pradesh'),('Jammu and Kashmir'),('Jharkhand'),('Karnataka'),('Kerala'),('Lakshadweep'),('Madhya Pradesh'),('Maharashtra'),('Manipur'),('Meghalaya'),('Mizoram'),('Nagaland'),('National Capital Region (India)'),('Odisha'),('Orissa'),('Puducherry'),('Punjab'),('Rajasthan'),('Sikkim'),('Tamil Nadu'),('Tripura'),('Uttar Pradesh'),('Uttarakhand'),('West Bengal');
/*!40000 ALTER TABLE `state` ENABLE KEYS */;
UNLOCK TABLES;

--
-- Table structure for table `urgentblood`
--

DROP TABLE IF EXISTS `urgentblood`;
/*!40101 SET @saved_cs_client     = @@character_set_client */;
/*!40101 SET character_set_client = utf8 */;
CREATE TABLE `urgentblood` (
  `id` int(11) NOT NULL AUTO_INCREMENT,
  `username` varchar(75) NOT NULL DEFAULT '',
  `bloodgroup` varchar(45) NOT NULL DEFAULT '',
  `name` varchar(45) NOT NULL DEFAULT '',
  `mobile` varchar(10) NOT NULL DEFAULT '',
  `location` varchar(45) NOT NULL DEFAULT '',
  `state` varchar(45) NOT NULL DEFAULT '',
  `city` varchar(200) NOT NULL DEFAULT '',
  `message` varchar(400) NOT NULL DEFAULT '',
  PRIMARY KEY (`id`)
) ENGINE=InnoDB AUTO_INCREMENT=11 DEFAULT CHARSET=utf8;
/*!40101 SET character_set_client = @saved_cs_client */;

--
-- Dumping data for table `urgentblood`
--

LOCK TABLES `urgentblood` WRITE;
/*!40000 ALTER TABLE `urgentblood` DISABLE KEYS */;
INSERT INTO `urgentblood` VALUES (1,'devanshu','A+','dgdf','1234567890','fgdf','Andaman and Nicobar Islands','Port','dfg'),(2,'devanshu','A1-','jhkjhkj','1234567890','fds','Arunachal Pradesh','Naharlagun','df'),(3,'devanshu','A+','aaa','1234567890','dffd','Andhra Pradesh','Amadalavalasa','dgfd'),(4,'devanshu','A1-','dfsdfsdf','1234567890','sfs','Arunachal Pradesh','Itanagar','dgfd'),(7,'test','A2B-','jhdskjfhdkjdf hfjdd','1234567890','fldhdfjhdjfk','Jammu and Kashmir','Leh','dshdghkgfd hljhjlfdhjkdf'),(8,'nitika22girl@gmail.com','O-','Bhadra Kali','1234567890','Hospital Main hai','Uttar Pradesh','Jhansi','Aray bhai khoon dedo nai to mar jayenge'),(9,'jlkfdjlkd','A1B-','Sultan Khalid','9999999999','City Hospital','Maharashtra','Mumbai','Sultan need lots of blood, please Help.'),(10,'jlkfdjlkd','B+','Humpty Sharma','1818181818','City Hospital','Himachal Pradesh','Keylong','My Husband met with an accident, please help');
/*!40000 ALTER TABLE `urgentblood` ENABLE KEYS */;
UNLOCK TABLES;
/*!40103 SET TIME_ZONE=@OLD_TIME_ZONE */;

/*!40101 SET SQL_MODE=@OLD_SQL_MODE */;
/*!40014 SET FOREIGN_KEY_CHECKS=@OLD_FOREIGN_KEY_CHECKS */;
/*!40014 SET UNIQUE_CHECKS=@OLD_UNIQUE_CHECKS */;
/*!40101 SET CHARACTER_SET_CLIENT=@OLD_CHARACTER_SET_CLIENT */;
/*!40101 SET CHARACTER_SET_RESULTS=@OLD_CHARACTER_SET_RESULTS */;
/*!40101 SET COLLATION_CONNECTION=@OLD_COLLATION_CONNECTION */;
/*!40111 SET SQL_NOTES=@OLD_SQL_NOTES */;

-- Dump completed on 2014-07-14 11:12:53
